SolarPanel,Males,Females,Below 5 childrens,Over 60 Adults,Employeed Count,Income,district  ,average square feet of the house.,"Air 
conditioners",Ceiling Fans,Microwaves,Charge Electric Vehicles,Refrigerators,Ovens,Hot Water Geysers,Electricity units 
0,2,2,0,1,2,4,1,1,1,1,0,1,1,1,1,133
0,3,4,3,3,2,5,1,2,1,1,0,1,1,1,1,410
0,4,4,3,2,3,6,1,3,1,1,1,1,1,1,1,410
0,4,4,3,2,3,6,1,3,1,1,1,1,1,1,1,410
0,3,4,4,2,3,6,2,2,1,1,0,1,1,1,1,418
0,1,3,0,1,2,3,2,1,0,1,0,1,1,1,0,120
0,3,4,1,3,3,5,1,4,1,1,0,1,1,1,1,405
0,3,3,1,2,2,3,2,3,0,1,0,1,1,0,0,244
0,2,1,1,0,1,2,1,2,0,1,0,1,1,0,0,105
0,3,3,0,1,3,5,1,5,1,1,0,1,1,1,1,410
0,4,3,0,3,4,6,1,5,1,1,0,1,1,1,1,405
0,4,3,1,2,5,6,1,4,1,1,0,1,1,1,1,400
0,3,5,4,2,1,6,1,5,1,1,1,1,1,1,1,410
0,2,2,0,0,2,3,2,2,0,1,0,1,1,0,0,260
0,2,2,1,1,1,2,1,1,0,1,0,1,1,0,0,189
0,3,3,0,1,2,5,1,4,1,1,0,1,1,1,1,410
0,3,2,1,0,2,4,3,3,0,1,0,1,1,1,0,241
0,3,4,0,2,4,6,1,5,1,1,1,1,1,1,1,421
0,3,5,0,2,4,6,1,5,1,1,0,1,1,1,1,420
0,2,5,1,1,2,6,1,4,1,1,1,1,1,1,1,410
0,2,3,0,2,1,4,3,3,0,1,0,1,1,0,0,250
0,3,4,0,2,4,6,1,5,1,1,1,1,1,1,1,390
0,4,3,0,0,5,6,1,5,1,1,0,1,1,1,1,410
0,2,2,0,0,2,3,2,2,0,1,0,1,1,0,0,240
0,3,4,0,1,4,6,2,5,1,0,0,1,1,1,1,412
0,5,2,0,3,3,6,1,4,1,1,1,1,1,1,1,427
0,3,3,1,0,2,5,1,4,1,1,0,1,1,1,1,410
0,3,2,2,0,1,4,3,3,0,1,0,1,1,0,0,250
0,5,3,3,0,1,5,2,4,1,1,1,1,1,1,1,396
0,2,3,1,1,2,3,3,2,0,1,0,1,1,0,0,220
0,2,5,0,0,2,6,1,4,1,1,1,1,1,1,1,400
0,2,4,1,0,5,5,2,5,1,1,0,1,1,1,1,400
0,1,2,1,0,1,3,2,2,0,1,0,1,1,0,0,123
0,3,4,2,1,2,6,2,4,1,1,0,1,1,1,1,402
0,4,4,2,2,2,5,1,4,1,1,0,1,1,1,1,360
0,1,3,0,0,2,1,2,1,0,1,0,0,0,0,0,163
0,2,3,2,1,2,3,3,3,0,1,0,1,1,0,0,221
0,3,4,2,1,2,5,1,5,1,1,1,1,1,1,1,410
0,2,2,0,0,2,3,1,3,0,1,0,1,1,1,1,233
0,1,1,0,0,1,2,2,2,0,1,0,1,1,0,0,220
0,2,2,1,0,1,1,1,1,0,1,0,0,0,0,0,163
0,1,1,0,0,2,2,2,1,0,1,0,0,0,0,0,162
0,1,2,0,1,2,3,2,2,0,1,0,1,1,0,0,133
0,3,3,2,2,2,3,2,3,0,1,0,1,1,0,0,249
0,2,3,1,0,2,2,3,2,0,1,0,1,1,0,0,162
0,1,2,0,1,1,1,2,1,0,1,0,0,0,0,0,164
0,1,2,0,0,2,2,2,2,0,1,0,0,0,0,0,120
0,3,3,1,3,2,5,1,4,1,1,0,1,1,1,1,373
0,1,2,0,1,2,2,1,1,0,1,0,0,0,0,0,163
1,2,3,0,0,1,5,1,3,1,0,0,1,1,0,0,346
0,2,3,3,0,2,3,1,3,0,1,0,1,1,0,0,238
0,2,1,0,0,1,1,1,1,0,1,0,0,0,0,0,163
0,2,1,0,1,1,2,2,1,0,1,0,0,0,0,0,124
0,2,1,0,0,1,2,1,2,0,1,0,1,1,0,0,234
0,2,1,0,0,1,2,3,1,0,1,0,0,0,0,0,163
0,2,1,2,0,1,3,1,2,0,1,0,1,1,1,0,254
0,1,2,0,0,1,1,2,1,0,1,0,0,0,0,0,125
0,2,2,1,0,2,1,2,1,0,1,0,0,0,0,0,162
0,2,3,0,2,2,3,2,3,0,1,0,1,1,0,0,234
0,2,4,1,0,5,5,2,5,1,1,0,1,1,1,1,400
0,2,1,1,0,1,2,2,2,0,1,0,0,0,1,0,161
0,1,2,1,1,2,2,2,2,0,1,0,0,0,0,0,125
0,2,2,0,0,1,2,2,2,0,1,0,1,1,0,0,239
0,2,4,0,0,2,5,1,5,1,1,1,1,1,1,1,420
0,2,2,1,1,2,3,2,3,0,1,0,1,1,0,0,234
0,5,4,0,4,3,5,1,5,1,1,0,1,1,1,1,454
0,2,2,1,1,2,2,2,3,0,1,0,1,1,0,0,123
0,1,2,0,1,1,1,2,1,0,1,0,0,0,0,0,125
0,3,2,1,1,2,2,2,2,0,1,0,1,1,0,0,162
0,4,4,0,3,3,6,1,5,1,1,0,1,1,1,1,420
0,1,2,1,1,2,2,2,1,0,0,0,1,1,0,0,130
0,1,1,0,0,2,2,2,1,0,1,0,0,0,0,0,161
0,2,1,1,0,1,1,2,2,0,1,0,0,0,0,0,132
0,2,2,2,1,1,3,3,2,0,1,0,1,1,0,0,239
0,2,2,0,1,1,1,3,1,0,1,0,0,0,0,0,164
0,2,1,0,0,1,1,2,1,0,0,0,1,1,0,0,123
0,1,2,1,0,1,1,2,1,0,1,0,0,0,0,0,149
1,2,1,0,0,1,2,2,2,0,0,0,1,1,0,0,1000
0,2,1,1,1,2,1,2,2,0,0,0,1,1,0,0,100
1,1,2,1,2,2,2,2,1,0,1,0,0,0,0,0,130
0,3,4,1,0,2,5,2,5,1,1,0,1,1,1,1,410
1,2,2,2,2,1,1,14,2,0,1,0,0,0,0,0,109
0,2,1,1,1,1,1,2,2,0,1,0,0,0,0,0,129
0,3,5,0,3,3,6,1,5,1,1,1,1,1,1,1,415
1,2,1,2,1,2,2,4,1,0,1,0,0,0,0,0,120
1,1,2,1,1,2,2,15,2,0,0,0,1,1,0,0,100
0,4,3,0,1,4,6,1,4,1,1,0,1,1,1,1,420
1,2,1,2,1,2,2,2,1,0,1,0,0,0,0,0,100
1,2,2,2,1,2,2,4,1,0,0,0,1,1,0,0,100
0,1,1,1,1,1,1,2,1,0,1,0,0,0,0,0,130
1,2,2,1,2,2,2,5,1,0,1,0,0,0,0,0,150
0,2,2,1,0,1,2,2,2,0,1,0,0,0,0,0,125
0,3,3,0,2,3,5,2,5,1,1,1,1,1,1,1,395
0,1,1,0,1,1,1,2,1,0,0,0,1,1,0,0,138
0,2,2,0,0,2,2,2,1,0,1,0,0,0,0,0,123
0,4,3,1,2,2,5,3,4,1,1,1,1,1,1,1,409
0,1,2,0,1,1,1,2,1,0,1,0,0,0,0,0,130
0,3,4,2,2,3,6,2,4,1,1,0,1,1,1,1,394
0,4,4,2,2,2,6,1,5,1,1,0,1,1,1,1,391
0,2,4,1,2,2,6,1,4,1,1,1,1,1,1,1,390
0,3,3,1,2,3,6,2,5,1,1,1,1,1,1,1,414
0,4,3,2,3,3,6,3,4,1,1,0,1,1,1,1,396
0,3,4,2,2,3,6,1,4,1,1,0,1,1,1,1,413
0,4,4,2,3,3,6,3,5,1,1,1,1,1,1,1,420
0,3,4,0,3,3,5,1,4,1,1,0,1,1,1,1,403
0,3,3,1,2,2,6,2,5,1,1,1,1,1,1,1,406
0,4,3,2,3,2,5,3,5,1,1,0,1,1,1,1,410
0,3,3,1,2,3,5,1,4,1,1,1,1,1,1,1,407
0,3,3,0,0,3,5,1,4,1,1,1,1,1,1,1,400
0,3,3,0,1,3,5,1,4,1,1,0,1,1,1,1,395
0,4,4,2,2,3,6,3,5,1,1,0,1,1,1,1,407
0,2,2,1,1,2,3,1,3,0,1,0,1,1,0,0,223
0,4,5,0,2,4,2,12,2,0,1,0,1,1,1,0,100
1,1,3,0,0,3,3,2,3,0,1,0,1,1,1,1,158
0,4,3,0,3,3,6,1,4,1,1,0,1,1,1,1,409
0,4,3,1,1,3,6,2,5,1,1,1,1,1,1,1,388
0,3,2,0,0,2,2,1,2,1,1,0,1,1,1,1,415
0,3,3,0,2,3,5,1,4,1,1,0,1,1,1,1,408
0,2,1,1,0,1,3,2,2,0,1,0,1,1,0,0,236
0,2,2,0,1,2,3,2,2,0,1,0,1,1,0,0,230
0,1,3,0,1,1,4,1,4,1,1,0,1,1,1,1,398
0,2,2,2,0,0,3,1,3,0,1,0,1,1,0,0,265
0,4,5,0,4,4,6,1,5,1,1,0,1,1,1,1,425
0,3,2,0,2,2,3,1,2,0,0,0,1,1,0,0,120
0,3,2,1,1,2,3,2,1,0,1,0,1,1,0,0,111
0,3,2,1,1,3,4,1,3,1,1,0,1,1,1,1,432
0,2,1,0,0,1,2,2,1,0,1,0,1,1,0,0,98
0,3,1,1,0,2,2,2,2,0,1,0,1,1,1,0,210
0,1,2,0,1,1,2,2,2,0,1,0,1,1,0,0,243
0,2,1,1,0,1,3,2,3,0,1,0,1,1,0,0,250
0,2,2,1,1,1,2,3,2,0,1,0,1,1,0,0,220
0,2,2,1,1,2,3,1,3,0,1,0,1,1,0,0,259
0,1,2,1,0,1,2,3,2,0,1,0,1,1,0,0,249
0,3,4,2,1,3,6,1,4,1,1,0,1,1,1,1,393
0,2,3,1,1,2,3,2,3,0,1,0,1,1,1,0,280
0,2,2,1,2,2,3,3,3,0,1,0,1,1,1,0,289
0,2,1,2,1,0,2,1,2,0,1,0,1,1,0,0,232
0,1,2,0,1,1,2,3,2,0,1,0,1,1,0,0,234
0,2,2,1,1,2,3,1,2,0,1,0,1,1,0,0,242
0,3,4,2,1,2,6,2,4,1,1,0,1,1,1,1,420
0,2,3,2,0,2,3,2,3,0,1,0,1,1,0,0,271
0,3,5,0,4,4,6,1,5,1,1,0,1,1,1,1,450
0,4,4,2,2,2,6,1,5,1,1,1,1,1,1,1,397
0,2,1,1,0,2,3,1,2,0,1,0,1,1,1,0,259
0,4,5,0,0,4,6,1,5,1,1,0,1,1,1,1,325
0,2,2,1,1,1,,1,3,0,1,0,1,1,0,0,229
0,3,3,0,0,2,6,1,3,1,0,1,1,1,1,1,420
0,2,2,0,0,2,3,1,2,0,1,0,1,1,0,0,231
0,3,3,0,0,2,6,1,3,1,0,1,1,1,1,1,420
0,2,2,1,1,1,4,2,3,0,1,0,1,1,1,0,236
0,2,2,1,1,1,4,2,3,0,1,0,1,1,1,0,236
0,2,2,1,1,2,3,3,3,0,1,0,1,1,1,1,220
0,2,1,1,0,2,2,2,2,0,1,0,1,1,1,0,120
0,2,3,0,1,3,3,3,2,0,1,0,1,1,1,0,100
0,4,1,2,1,2,2,3,1,0,0,0,1,1,1,0,97
0,4,5,0,3,2,6,2,3,1,1,0,1,1,1,1,420
0,2,2,0,2,2,3,2,3,0,1,0,1,1,0,0,240
0,1,2,1,0,2,2,3,1,0,1,0,1,1,1,0,95
0,1,2,1,0,2,2,3,1,0,1,0,1,1,1,0,95
0,3,2,0,2,2,4,1,2,1,1,1,1,1,1,1,310
0,3,4,1,3,3,5,1,4,1,1,0,1,1,1,1,391
0,4,4,2,1,2,5,2,5,1,1,0,1,1,1,1,412
0,4,3,0,2,3,6,3,4,1,1,0,1,1,1,1,399
0,3,4,2,1,3,6,1,4,1,1,1,1,1,1,1,405
0,3,3,1,2,3,6,3,5,1,1,0,1,1,1,1,395
0,3,4,0,3,3,6,2,4,1,1,0,1,1,1,1,411
0,3,3,2,2,3,6,1,4,1,1,1,1,1,1,1,399
0,4,3,1,2,3,5,2,5,1,1,0,1,1,1,1,394
0,4,3,2,1,2,6,2,4,1,1,0,1,1,1,1,398
0,3,3,1,2,3,5,1,4,1,1,0,1,1,1,1,403
0,2,3,1,1,2,3,2,3,0,1,0,1,1,0,0,238
0,3,3,1,2,2,4,1,3,0,1,0,1,1,1,1,235
0,2,2,1,1,1,3,2,2,0,1,0,1,1,1,0,237
0,2,2,0,2,2,3,1,2,0,1,0,1,1,1,1,245
0,3,2,1,1,2,3,1,3,0,1,0,1,1,1,1,231
0,4,3,2,1,2,6,2,4,1,1,0,1,1,1,1,398
0,1,0,0,0,1,4,1,2,1,0,0,1,1,0,0,118
0,3,1,0,0,1,3,2,2,0,1,0,1,1,1,0,238
0,2,2,1,0,1,3,1,2,0,1,0,1,1,1,0,250
0,2,2,0,0,2,4,2,3,0,1,0,1,1,1,1,259
0,1,3,0,0,1,3,2,3,0,1,0,1,1,1,1,242
0,2,0,0,0,2,5,1,3,1,1,0,1,1,1,1,243
0,2,1,0,0,1,4,1,3,1,1,0,1,1,1,1,250
0,1,1,0,0,1,3,1,1,0,1,0,1,1,1,0,112
0,2,2,0,0,2,4,1,2,0,1,0,1,1,1,0,135
0,0,2,0,0,1,2,2,1,0,1,0,1,1,0,0,100
0,2,2,0,0,1,4,1,3,0,1,0,1,1,1,0,248
0,1,1,0,2,1,3,1,2,0,1,0,1,1,1,1,154
0,0,2,0,0,1,3,2,2,0,1,0,1,1,1,1,112
0,1,1,0,0,2,4,1,3,1,1,0,1,1,1,1,240
0,0,1,0,0,1,3,1,2,1,1,0,1,1,1,0,128
0,1,1,1,0,1,3,1,3,1,1,0,1,1,1,1,258
0,2,1,0,1,2,4,1,3,1,1,0,1,1,1,1,268
0,1,0,0,0,1,3,1,1,1,1,0,1,1,0,0,150
0,0,5,0,0,5,5,1,2,1,1,0,1,1,1,0,278
0,1,1,0,0,1,3,1,2,0,1,0,1,1,1,0,100
0,1,2,1,0,1,1,3,1,0,1,0,1,1,0,0,109
0,3,4,0,2,2,4,3,3,0,1,0,1,1,1,0,220
0,3,3,1,0,1,2,2,3,0,1,0,1,1,1,0,170
0,1,1,2,0,1,3,1,1,0,1,0,1,1,0,0,108
0,1,2,1,1,2,4,1,2,1,1,0,1,1,1,0,258
0,2,0,0,1,1,3,2,1,0,1,0,1,1,0,0,100
0,2,3,1,1,2,2,1,2,0,1,0,1,1,0,0,101
0,2,2,0,2,2,4,1,2,0,1,0,1,1,1,0,155
0,1,3,1,0,3,3,2,2,0,1,0,1,1,0,0,112
0,3,3,0,2,1,3,5,3,0,1,0,1,1,0,0,115
0,2,3,1,1,2,3,2,2,0,1,0,1,1,0,0,129
0,2,4,2,1,3,4,1,3,1,0,0,1,1,0,0,140
0,0,1,0,0,1,2,1,1,1,1,0,1,1,1,0,118
0,1,2,1,0,1,3,2,2,1,1,0,1,1,1,1,135
0,1,2,0,1,1,3,2,2,0,1,0,1,1,1,0,150
0,5,0,0,0,5,4,2,2,0,1,0,1,1,0,0,195
0,2,0,0,1,1,3,1,2,0,1,0,1,1,1,1,148
0,0,2,1,0,0,1,2,1,0,1,0,1,1,1,0,95
0,3,3,1,0,1,2,2,3,0,1,0,1,1,1,0,170
0,5,3,0,1,3,6,2,5,0,1,0,1,1,1,1,270
0,2,4,0,1,2,4,2,3,0,1,1,0,0,1,1,300
0,5,1,0,2,2,6,1,4,1,1,1,1,1,1,1,460
0,1,1,0,0,2,3,1,2,1,1,0,1,1,1,1,195
0,2,1,1,0,1,3,1,2,1,1,0,1,1,1,1,225
0,1,0,0,0,1,4,1,2,1,1,0,1,1,1,1,175
0,1,1,0,0,2,4,1,2,1,1,0,1,1,1,0,155
0,2,2,0,2,2,4,2,2,0,1,0,1,1,1,1,176
0,1,1,0,0,1,2,1,2,0,1,0,1,1,1,0,125
0,0,3,0,0,2,3,2,2,0,1,0,1,1,1,0,196
0,0,2,1,0,1,2,1,2,0,1,0,1,1,1,0,132
0,1,0,0,0,1,2,1,1,0,1,0,1,1,0,0,98
0,1,1,0,2,0,1,1,1,0,1,0,1,1,0,0,90
0,3,4,0,3,3,5,1,4,1,1,0,1,1,0,1,384
0,2,2,1,1,2,,2,3,0,1,1,1,1,0,0,217
0,5,1,0,2,2,6,1,4,1,1,1,1,1,1,1,460
0,4,1,0,1,2,2,2,2,0,0,0,1,1,1,0,160
0,2,4,0,0,2,6,2,3,1,1,1,1,1,1,1,429
0,2,3,0,1,2,4,1,3,0,1,0,1,1,1,1,250
0,3,1,1,0,2,4,1,2,0,1,0,1,1,1,0,170
0,3,2,0,0,1,1,3,2,0,0,0,1,1,1,0,95
0,1,2,1,0,1,2,2,1,0,1,0,1,1,0,0,85
0,4,1,0,1,3,6,2,4,1,1,0,1,1,1,0,370
0,2,4,0,2,2,6,1,5,1,1,1,1,1,1,1,432
0,4,3,0,1,2,5,2,3,0,1,0,1,1,1,0,230
0,4,3,0,2,2,5,1,3,0,1,0,1,1,1,1,247
0,4,3,0,1,2,6,2,5,1,1,1,1,1,1,1,427
0,2,2,1,0,1,4,2,2,0,1,0,1,1,1,1,150
0,2,2,0,1,2,4,3,3,0,1,0,1,1,1,1,230
0,2,2,0,1,2,4,3,3,0,1,0,1,1,1,1,230
0,1,4,0,2,1,5,2,2,0,1,0,1,1,1,1,145
0,1,0,0,0,1,2,2,1,0,1,0,1,1,0,0,60
0,2,2,0,0,3,3,2,2,0,1,0,1,1,0,0,240
0,1,2,1,0,1,2,1,2,0,1,0,1,1,0,0,260
0,3,2,1,1,2,3,1,2,1,1,0,1,1,1,0,360
0,1,2,0,1,1,2,3,1,0,1,0,1,1,0,0,256
0,2,3,0,1,2,4,2,4,1,1,0,1,1,1,1,420
0,2,2,0,0,1,2,2,2,0,1,0,1,1,0,0,260
0,3,3,3,2,2,5,1,4,1,1,0,1,1,1,1,420
0,3,4,2,2,2,5,2,4,1,1,0,1,1,1,1,429
0,2,3,1,1,2,4,3,3,1,1,1,1,1,1,1,531
0,2,2,0,0,2,2,2,1,0,1,0,1,1,0,0,129
0,1,1,0,2,0,2,3,1,0,1,0,0,0,0,0,100
0,2,3,0,2,1,2,1,1,0,1,0,0,0,1,0,169
0,1,3,2,0,1,3,3,2,1,1,0,1,1,0,1,258
0,3,3,1,1,2,5,1,4,1,1,0,1,1,1,1,478
0,1,0,0,0,1,1,3,1,0,0,0,1,1,0,0,88
0,1,1,0,0,2,6,1,4,1,1,0,1,1,0,0,207
0,2,1,0,0,1,3,2,2,0,1,0,1,1,0,0,392
0,3,2,0,2,2,6,1,5,1,1,0,1,1,1,1,539
0,1,1,0,0,1,2,2,1,0,1,0,1,1,0,0,125
0,2,1,1,0,1,2,3,1,1,1,0,1,1,0,0,168
0,2,2,0,0,2,4,1,3,1,1,0,1,1,0,1,190
0,1,0,0,0,1,3,1,1,0,1,0,1,1,0,0,149
0,3,2,2,1,2,6,2,5,1,1,1,1,1,1,1,669
0,2,2,1,0,1,3,1,3,1,0,0,1,1,0,1,288
0,4,3,1,3,2,6,3,5,1,1,0,1,1,1,1,695
0,2,0,0,1,1,2,1,1,0,0,0,1,1,0,0,115
0,3,3,2,1,2,6,2,4,1,1,0,1,1,0,1,590
0,0,1,0,1,0,2,2,2,0,1,0,1,1,0,0,135
0,2,2,0,0,2,3,2,1,0,1,0,1,1,1,0,298
0,2,2,1,1,2,4,3,4,1,1,1,1,1,0,0,610
0,2,3,0,2,2,4,1,4,1,1,0,1,1,0,0,520
0,3,4,0,2,2,6,1,5,1,1,0,1,1,1,1,699
0,2,2,1,0,2,4,2,2,0,1,0,1,1,1,0,369
0,2,3,0,0,3,5,3,4,1,1,0,1,1,0,0,291
0,2,3,0,0,2,4,3,3,1,1,0,1,1,0,1,268
0,2,2,1,1,2,3,2,2,0,1,0,1,1,0,0,178
0,1,1,0,0,2,3,1,2,0,1,0,1,1,0,0,175
0,3,1,1,0,1,2,2,1,0,1,0,1,1,0,0,179
0,1,1,0,0,2,4,3,1,0,1,0,1,1,0,0,225
0,2,3,0,1,0,3,2,3,1,1,0,1,1,0,0,340
0,2,3,0,0,1,1,1,1,0,1,0,1,1,0,0,128
0,2,3,0,0,2,5,2,4,1,1,0,1,1,0,1,564
0,0,2,0,0,1,4,1,3,0,1,0,1,1,1,0,289
0,3,4,1,1,3,6,3,4,1,1,0,1,1,1,1,690
0,1,0,0,0,0,1,1,1,0,1,0,0,0,0,0,95
0,2,2,1,1,2,3,2,2,0,1,0,1,1,0,0,231
0,2,3,2,0,2,5,2,4,1,1,1,1,1,0,1,478
0,1,1,0,0,2,6,2,3,1,1,0,1,1,0,1,452
0,0,3,0,1,2,3,3,2,0,1,0,1,1,0,0,331
0,3,3,0,2,3,6,3,4,1,1,0,1,1,1,1,659
0,1,1,0,0,1,1,2,1,0,1,0,1,1,0,0,228
0,3,2,1,2,2,3,2,3,0,1,1,1,1,0,1,348
0,2,2,0,0,2,2,2,1,0,1,0,1,1,1,0,221
0,3,2,0,2,2,6,1,5,1,1,0,1,1,1,1,539
0,1,3,0,1,2,4,2,2,0,1,0,1,1,1,0,108
0,2,2,0,0,2,2,3,2,0,0,0,0,0,0,0,80
0,3,3,0,0,3,2,2,2,0,1,0,0,0,0,0,111
0,2,1,0,0,1,1,2,1,0,1,0,0,0,0,0,200
0,2,2,0,2,2,3,1,1,0,1,0,1,1,1,1,130
0,1,2,0,1,3,5,2,4,0,1,0,1,1,1,0,151
1,3,1,0,2,2,2,8,2,0,0,0,1,1,1,0,130
0,2,1,0,1,1,2,1,2,1,0,0,1,1,1,0,300
0,2,2,0,0,1,2,1,2,0,1,0,0,0,0,0,98
0,1,3,0,2,1,2,2,3,0,0,0,1,1,0,1,189
0,1,1,0,0,0,,1,2,0,1,0,0,0,0,0,115
1,2,2,0,0,1,6,1,5,1,0,0,0,0,0,0,396
0,3,2,0,3,2,5,2,3,0,1,0,1,1,1,1,102
0,1,4,4,5,4,1,2,3,0,0,0,0,0,0,1,120
0,1,2,0,2,1,3,1,3,0,1,0,1,1,0,1,200
0,1,3,0,0,4,3,1,3,0,1,0,0,0,0,0,10
0,0,3,0,0,1,1,6,1,0,0,0,1,1,0,0,85
0,2,2,0,0,4,2,1,3,0,1,0,1,1,0,0,99
0,2,2,2,1,1,1,7,2,0,1,0,1,1,0,0,93
0,2,1,0,2,1,4,8,5,0,1,0,1,1,1,0,101
0,3,4,0,2,2,2,2,3,0,1,0,1,1,1,0,110
0,2,1,1,0,2,3,1,2,0,0,0,0,0,0,1,8
0,2,2,0,2,2,5,8,2,1,1,0,1,1,0,1,184
0,2,2,0,0,2,1,2,2,0,1,0,1,1,0,1,115
0,2,1,0,0,2,3,1,4,0,1,0,1,1,0,0,70
1,3,2,0,0,2,6,7,4,0,1,0,1,1,1,1,20
1,3,2,0,0,2,6,7,4,0,1,0,1,1,1,1,20
0,2,2,1,2,3,3,2,3,0,1,0,1,1,1,0,126
0,3,1,0,0,1,1,2,2,0,1,0,1,1,0,0,100
0,2,2,0,0,2,2,2,2,0,1,0,0,0,0,0,98
0,2,2,2,2,4,1,4,2,1,0,0,0,0,0,0,32
0,2,2,0,0,5,,2,1,1,1,0,1,1,0,0,2100
0,3,1,0,2,3,3,2,2,0,1,0,0,0,0,0,135
0,1,2,0,1,3,4,2,4,1,1,1,1,1,1,1,166
0,2,2,0,0,2,3,5,4,0,0,0,1,1,1,0,46
0,3,1,0,2,3,2,10,2,0,1,0,1,1,1,0,57
0,3,1,2,4,5,1,2,2,0,0,0,1,1,0,0,150
0,3,2,0,0,4,6,2,5,0,0,0,1,1,1,1,279
0,2,2,0,0,1,1,7,2,0,1,0,1,1,1,0,150
1,2,2,0,2,4,3,11,2,0,1,0,0,0,0,0,73
0,3,2,0,0,3,1,2,1,0,0,0,1,1,1,0,99
0,2,2,0,1,4,2,2,2,0,1,0,0,0,0,0,101
0,2,1,0,2,2,3,5,2,0,0,0,1,1,1,1,35
0,2,2,0,0,2,,3,2,0,0,0,1,1,0,0,99
0,1,3,0,0,1,1,2,2,0,1,0,0,0,0,0,180
0,2,2,0,0,3,4,2,2,0,0,0,0,0,0,0,100
0,2,2,2,2,1,2,5,1,0,1,0,1,1,1,1,70
0,2,2,1,0,2,3,9,2,0,1,0,1,1,0,0,18
0,1,3,0,1,1,3,1,2,0,1,0,1,1,1,0,18429
0,2,5,1,0,5,4,1,3,0,0,0,1,1,0,0,120
0,2,2,0,0,1,2,13,5,0,1,0,1,1,0,0,1469
0,2,3,0,1,2,2,2,3,0,0,0,1,1,0,0,56
0,2,2,0,0,2,2,6,3,0,1,0,1,1,1,0,67
0,2,3,1,0,3,3,2,3,0,0,0,1,1,0,0,5
0,1,1,0,0,2,6,1,4,1,1,0,1,1,0,1,25
1,2,2,0,0,2,1,7,1,0,0,0,0,0,0,0,10
0,2,2,0,0,2,4,1,2,0,0,0,1,1,1,0,90
1,2,2,1,1,2,2,1,4,1,1,0,1,1,1,0,305
1,4,1,2,0,3,1,13,2,1,0,0,0,0,0,0,22
0,0,3,0,0,2,2,1,2,1,1,0,1,1,0,0,4000
0,2,2,0,2,2,4,3,3,0,1,0,1,1,0,0,60
0,2,1,0,0,2,2,1,1,0,0,0,1,1,0,0,60
0,4,1,0,0,5,2,2,2,0,1,0,0,0,0,0,211
0,1,3,0,0,3,2,2,2,0,1,0,1,1,0,1,120
0,2,4,0,2,2,5,1,4,0,1,0,1,1,0,0,79
0,2,1,0,1,2,5,1,4,0,1,0,1,1,1,0,10
1,3,2,0,1,4,4,12,5,0,1,0,1,1,1,1,75
0,1,2,0,0,2,1,5,2,0,1,0,1,1,1,0,123
0,3,1,3,2,5,2,13,1,0,0,0,1,1,0,0,160
0,2,2,0,0,3,2,3,2,0,1,0,1,1,1,0,97
1,3,4,2,1,2,2,1,3,1,1,1,1,1,1,1,154
0,2,1,0,1,1,2,2,3,0,0,0,1,1,0,0,99
0,3,2,0,2,2,2,2,2,0,1,0,1,1,1,0,118
0,3,2,0,1,2,1,2,2,0,1,0,1,1,0,0,118
0,0,3,0,1,0,1,12,5,0,0,0,1,1,0,0,4
0,2,2,0,2,2,3,2,2,1,1,0,1,1,0,1,260
0,3,1,0,1,2,,2,2,0,1,0,1,1,0,0,125
1,2,2,1,1,2,2,1,4,1,1,0,1,1,1,0,305
0,3,5,0,1,3,3,2,2,0,1,0,1,1,1,1,122
0,2,3,0,0,2,3,1,4,0,1,0,1,1,1,0,150
0,4,2,0,1,2,1,2,1,0,1,0,1,1,1,0,68
0,2,3,0,0,2,2,2,2,0,1,0,1,1,0,0,138
0,2,3,2,5,4,6,5,5,0,1,0,1,1,1,1,100
0,2,3,1,0,2,3,1,2,1,1,1,1,1,0,0,254
1,2,2,0,0,3,2,1,3,0,1,0,0,0,0,0,34
0,2,3,0,0,5,1,1,1,0,0,0,0,0,0,0,1
0,3,2,0,0,3,2,6,3,0,1,0,1,1,0,0,132
0,0,2,0,0,1,2,2,2,0,0,0,1,1,1,0,29
0,3,3,0,1,2,3,1,3,0,0,0,0,0,0,1,1340
0,1,4,0,0,2,2,1,1,0,1,0,1,1,1,1,123
0,3,1,1,0,1,2,2,2,0,1,0,1,1,0,0,121
0,1,1,0,1,0,2,1,3,0,1,0,1,1,0,1,102
0,1,2,0,0,1,2,12,3,0,1,0,1,1,0,0,98
0,2,4,0,1,2,2,3,1,0,1,1,1,1,0,0,118
0,2,2,0,0,2,5,3,4,1,1,0,1,1,1,1,339
0,3,1,0,0,2,2,2,1,0,1,0,0,0,0,0,54
0,2,2,0,2,4,6,3,4,1,1,1,1,1,1,1,558
0,1,2,0,0,2,,2,2,0,1,0,1,1,1,0,296
0,2,4,0,1,3,5,1,4,0,1,0,1,1,0,0,63
0,1,4,0,0,2,2,1,1,0,1,0,1,1,1,1,112
0,1,2,1,2,2,2,3,2,0,1,0,0,0,0,0,107
0,2,3,0,1,4,4,5,2,0,1,0,1,1,0,1,140
0,5,1,4,4,3,5,2,4,0,1,1,1,1,1,0,220
0,2,4,0,1,2,3,2,1,0,1,0,1,1,0,1,378
0,1,2,0,2,0,1,1,1,0,1,0,1,1,0,0,59
0,1,1,0,0,2,4,1,1,1,0,0,1,1,1,0,300
1,1,3,0,4,2,4,1,3,0,1,0,1,1,0,0,2
0,1,1,2,0,1,6,15,5,0,0,1,1,1,1,1,812
0,1,1,0,2,1,3,2,2,0,1,0,1,1,0,0,35
0,2,3,0,2,2,2,1,4,0,0,0,1,1,1,0,85
0,3,1,0,0,3,3,2,2,0,1,0,1,1,1,0,119
0,2,2,0,2,2,2,1,3,1,1,0,1,1,0,0,140
0,2,1,0,1,1,1,9,3,0,1,0,0,0,0,0,67
0,1,3,0,0,1,1,1,2,0,1,0,1,1,0,1,153
0,1,2,1,0,1,3,2,2,1,1,1,1,1,1,1,400
0,2,2,2,0,2,5,2,3,0,1,0,1,1,1,0,253
0,2,2,0,4,1,1,2,2,0,1,0,1,1,0,0,91
0,2,2,2,0,1,3,2,4,0,1,0,1,1,1,0,163
0,2,2,1,2,2,2,2,2,1,1,1,1,1,1,1,291
0,2,1,0,1,2,2,6,2,0,0,0,1,1,0,0,80
0,1,3,0,0,4,1,2,1,0,0,0,1,1,0,1,70
0,0,2,0,0,2,3,5,3,0,0,0,1,1,1,1,90
0,3,2,0,1,1,1,2,1,0,0,0,1,1,0,0,98
0,3,2,0,1,1,1,2,1,0,0,0,1,1,0,0,99
0,2,2,0,2,2,3,3,1,0,0,0,1,1,0,0,95
0,2,3,0,0,3,3,2,3,0,1,0,1,1,1,0,178
0,1,2,0,0,2,2,2,3,0,1,0,1,1,1,0,135
0,2,1,2,2,3,3,2,1,0,1,0,1,1,1,1,25
0,4,2,1,1,3,4,2,3,0,1,0,1,1,1,0,196
0,2,1,0,0,2,3,6,1,0,0,0,1,1,0,0,92
0,0,2,0,0,2,1,6,1,0,1,0,0,0,0,0,55
0,3,2,0,0,3,4,6,2,0,1,0,1,1,0,1,134
0,3,1,0,0,1,3,2,2,0,1,0,1,1,1,0,120
0,3,1,0,3,1,2,2,5,0,0,0,1,1,0,1,90
0,1,3,0,1,2,1,6,1,0,1,1,0,0,1,0,60
0,4,1,0,0,2,2,6,2,0,0,0,1,1,1,0,142
0,2,2,0,0,2,2,6,2,0,1,0,0,0,0,0,54
0,2,3,0,0,3,2,6,2,0,1,0,1,1,0,0,55
0,1,3,0,0,1,6,6,4,0,1,0,1,1,1,0,265
0,2,3,0,1,1,2,2,3,0,1,0,1,1,0,1,180
0,1,2,0,0,2,4,2,5,0,1,0,1,1,0,0,50
0,2,3,0,0,4,4,6,4,1,1,0,1,1,1,0,172
0,1,3,0,0,1,2,14,2,0,1,0,1,1,0,0,148
0,2,2,0,1,4,5,1,2,1,0,0,1,1,1,0,200
0,1,2,0,1,2,2,1,3,0,1,0,1,1,1,0,100
0,2,2,0,1,1,2,12,3,0,1,0,1,1,1,0,45
0,3,2,0,2,3,4,1,2,1,1,0,1,1,1,0,395
0,1,3,0,2,2,3,1,1,0,1,0,1,1,1,0,85
0,2,3,0,1,1,2,12,4,0,0,0,1,1,1,0,112
0,2,2,0,0,2,2,12,5,1,1,0,1,1,1,1,5
0,2,2,0,0,1,4,1,5,0,1,1,1,1,1,0,120
0,2,1,0,0,2,1,1,2,1,0,0,0,0,0,0,40
0,3,2,0,0,2,3,1,5,1,1,0,1,1,1,0,212
0,2,4,0,1,2,2,14,3,0,1,0,0,0,0,0,100
0,2,4,0,2,4,3,2,3,0,0,0,1,1,0,1,200
0,1,3,0,1,1,2,6,2,0,0,0,1,1,1,0,125
0,1,4,0,1,2,3,6,3,0,1,0,1,1,1,0,135
0,2,3,0,0,2,4,1,1,0,1,0,1,1,1,1,26
1,1,2,0,2,3,3,12,2,0,1,0,1,1,1,0,88
0,3,2,0,5,2,6,1,5,1,1,0,1,1,1,1,140
0,3,1,0,0,2,2,2,3,0,1,0,1,1,1,1,350
0,1,2,0,0,1,3,2,3,1,1,0,1,1,1,0,96
0,2,2,0,0,3,1,12,2,0,1,0,0,0,0,1,1800
0,2,1,0,1,1,3,2,4,1,1,0,1,1,0,0,175
0,2,3,2,1,3,3,2,2,0,1,0,1,1,1,1,130
0,2,2,0,2,2,3,2,1,0,1,0,1,1,0,0,148
0,1,4,0,1,3,1,1,2,0,1,1,1,1,1,1,75
0,2,2,0,2,2,1,5,2,0,1,0,1,1,0,0,3000
0,3,2,4,0,2,1,6,1,0,1,0,0,0,0,0,10
0,0,3,0,1,1,2,1,3,0,1,0,1,1,1,0,100
0,2,4,0,3,3,3,1,4,0,0,0,1,1,1,1,120
0,2,2,0,1,2,2,12,3,0,1,0,1,1,1,1,102
1,2,2,0,3,3,4,6,4,1,1,0,1,1,0,1,100
0,2,2,0,0,2,2,1,5,0,1,0,1,1,1,0,84
0,5,3,0,3,3,3,5,1,0,1,1,1,1,1,0,120
0,3,2,0,0,1,3,7,4,0,1,1,1,1,1,1,272
0,1,2,1,2,2,2,1,1,0,1,0,1,1,1,1,100
0,3,2,0,2,2,3,12,5,0,1,0,1,1,1,1,170
0,3,1,0,0,3,5,12,3,0,1,0,1,1,0,1,110
0,2,3,0,1,2,2,7,2,0,0,0,1,1,0,0,116
0,1,3,0,1,3,3,2,4,1,1,0,1,1,1,0,281
0,1,4,0,0,2,3,8,2,0,1,0,1,1,1,0,50
0,4,3,0,3,2,2,14,2,0,0,0,1,1,0,0,90
0,2,1,0,0,3,3,3,3,0,1,0,1,1,1,1,140
0,1,2,0,1,0,1,10,2,0,1,0,1,1,0,0,69
0,2,2,0,0,2,5,13,2,1,1,0,1,1,0,0,250
0,2,3,0,1,2,2,6,2,1,1,0,1,1,0,0,122
0,1,2,1,0,1,2,4,3,1,1,0,1,1,1,0,95
0,3,1,0,0,1,1,1,2,0,1,0,1,1,0,0,119
0,1,4,0,0,1,1,3,2,0,1,0,1,1,0,0,168
0,2,2,0,0,2,1,1,2,0,1,0,1,1,1,0,90
0,2,5,0,0,3,3,2,3,0,1,0,1,1,1,1,357
0,1,3,0,1,2,1,2,2,0,0,0,1,1,0,0,100
0,2,1,0,0,2,2,9,1,0,1,0,1,1,0,0,86
0,2,2,0,3,2,1,5,2,0,0,0,0,0,0,0,70
0,2,2,0,0,2,2,8,2,0,0,0,1,1,0,0,32
0,3,3,1,0,4,4,3,1,0,1,0,1,1,1,1,175
0,2,3,0,1,2,6,1,4,0,1,0,1,1,0,1,226
0,4,1,0,0,4,3,2,3,0,1,0,1,1,0,0,146
0,3,2,0,1,3,4,3,3,0,1,1,1,1,1,1,127
0,2,1,0,0,1,1,1,1,0,1,0,1,1,0,0,65
1,1,2,0,0,1,6,6,5,1,1,1,1,1,1,1,350
0,2,4,0,1,3,2,5,4,0,1,0,1,1,0,0,56
0,1,4,0,1,2,3,1,5,0,1,0,1,1,1,1,1064
0,4,1,1,1,2,2,1,2,1,1,0,1,1,0,0,370
0,2,2,0,0,2,1,2,3,0,0,0,1,1,0,0,90
0,1,2,0,1,1,2,13,2,0,0,0,1,1,0,0,51
0,2,2,0,1,1,2,1,1,1,1,0,1,1,1,1,132
0,2,3,0,1,3,2,17,4,0,0,0,1,1,1,1,200
0,3,2,0,0,3,5,6,3,0,1,0,1,1,1,0,195
0,1,3,2,0,1,1,2,2,0,1,0,0,0,0,0,72
0,3,1,0,0,2,3,1,4,0,0,0,1,1,0,1,150
0,2,2,0,1,2,4,1,2,1,1,0,1,1,1,0,300
0,2,1,0,0,1,1,1,1,0,1,0,1,1,0,0,129
0,1,4,0,2,3,3,1,4,0,1,0,1,1,1,0,101
0,2,2,0,5,2,3,1,3,1,1,0,1,1,1,1,156
0,3,1,0,0,1,1,2,3,0,1,0,1,1,1,0,78
0,3,1,0,0,1,1,2,3,0,1,0,1,1,1,0,78
0,2,3,0,0,1,1,1,3,0,1,0,1,1,1,0,49
0,1,4,0,1,2,2,1,2,0,1,0,1,1,1,1,12
0,1,3,0,0,2,5,1,3,0,1,0,1,1,0,1,155
0,3,4,1,3,3,2,12,3,0,1,0,1,1,0,0,23
0,2,2,0,0,2,2,5,3,0,1,1,1,1,1,1,107
0,0,4,0,1,0,2,6,2,0,0,0,1,1,0,0,72
0,2,2,0,0,3,6,1,3,1,1,0,1,1,0,1,220
0,1,3,0,0,2,5,2,3,1,0,0,1,1,1,0,290
0,1,3,0,1,2,2,1,2,0,1,0,1,1,1,1,288
0,1,3,0,0,3,2,4,1,0,0,0,1,1,0,0,60
0,1,1,0,1,1,2,1,2,0,1,0,1,1,0,0,66
0,2,2,0,0,2,4,2,2,0,1,0,1,1,0,0,105
0,1,2,0,2,1,2,3,1,0,1,0,1,1,1,0,68
0,3,3,0,2,1,1,16,2,0,1,0,1,1,0,1,110
0,2,2,0,1,1,2,6,2,0,0,0,1,1,0,0,58
0,1,2,0,0,2,2,8,3,1,0,0,1,1,1,0,125
0,1,4,0,0,0,2,13,2,0,1,0,1,1,1,0,98
0,1,4,3,0,1,1,2,3,0,1,0,1,1,1,0,74
0,2,1,0,1,1,2,10,4,0,1,0,1,1,1,1,115
0,1,3,0,0,2,3,6,3,0,0,0,1,1,1,1,115
0,2,4,0,1,4,5,1,5,1,1,0,1,1,1,1,145
0,2,2,0,0,3,4,2,2,0,1,0,1,1,1,0,117
0,1,3,2,1,0,1,17,1,0,0,0,1,1,1,1,60
0,3,2,0,1,3,4,3,3,0,1,1,1,1,1,1,127
0,2,2,1,1,2,3,1,2,0,1,0,1,1,1,0,226
0,2,3,0,1,3,4,10,2,0,1,0,1,1,1,1,130
0,4,1,0,0,1,4,6,3,0,1,0,1,1,1,0,210
0,3,2,1,1,2,,1,3,0,1,0,1,1,1,0,232
0,2,2,0,1,2,3,1,2,0,1,0,1,1,1,1,224
0,3,3,0,3,3,5,1,3,1,1,0,1,1,1,1,365
0,2,3,1,1,3,3,1,1,0,1,0,1,1,0,0,98
0,2,2,0,1,1,1,3,3,0,0,0,1,1,1,0,92
0,5,2,0,1,5,1,2,1,0,0,0,0,0,0,0,56
0,2,1,1,2,3,3,1,1,0,0,0,1,1,1,1,160
0,4,1,0,0,1,1,2,1,0,1,0,1,1,0,0,135
0,1,2,0,0,3,4,1,2,0,1,0,1,1,1,1,154
1,3,2,0,0,4,5,5,5,1,0,1,1,1,1,1,300
0,2,1,0,0,3,3,1,3,0,1,0,1,1,0,0,130
0,2,4,0,1,1,2,2,3,1,1,0,1,1,1,1,147
0,2,2,0,1,3,3,6,4,0,1,0,1,1,0,1,120
0,3,2,0,0,3,3,1,2,0,1,0,1,1,1,1,138
0,1,3,0,1,3,3,5,3,0,1,0,1,1,1,0,54
0,1,3,0,1,3,3,5,3,0,1,0,1,1,1,0,54
0,1,3,0,0,2,4,5,3,0,1,1,1,1,1,0,90
0,2,2,0,0,1,2,6,2,0,1,0,1,1,1,0,99
0,3,1,0,0,2,2,1,2,0,1,0,1,1,0,0,3
1,3,2,0,1,3,2,3,3,0,0,0,1,1,0,0,50
0,2,1,0,1,2,5,1,2,0,1,0,1,1,1,1,125
0,1,2,0,0,2,4,2,2,1,1,0,1,1,1,0,250
0,1,2,0,1,2,4,6,5,0,0,0,1,1,1,0,86
0,4,2,1,1,2,5,1,4,1,1,0,1,1,1,1,445
0,4,2,1,1,2,5,1,4,1,1,0,1,1,1,1,445
0,1,3,0,0,2,2,1,4,0,1,0,1,1,0,1,127
0,2,2,0,1,2,2,6,2,0,1,0,1,1,1,0,6
1,4,3,0,1,3,4,1,2,1,1,0,1,1,0,1,500
0,1,2,0,0,2,2,12,4,0,1,0,0,0,0,0,185
0,2,2,0,1,1,,12,3,0,1,0,1,1,1,0,46
0,3,1,0,0,2,3,2,2,0,1,0,1,1,0,1,172
0,1,2,0,0,2,2,12,5,0,0,0,1,1,1,0,63
1,1,5,0,0,2,6,6,5,1,0,0,1,1,1,1,395
0,2,2,0,0,1,2,1,3,1,1,0,1,1,1,1,220
0,2,3,0,0,2,2,4,2,1,1,0,0,0,1,0,20
0,1,3,0,0,2,2,1,2,0,0,0,1,1,0,0,78
0,1,3,0,0,3,3,2,3,0,1,0,1,1,0,0,0
0,2,2,0,2,3,3,2,2,0,1,0,1,1,0,0,95
0,2,1,0,2,2,3,6,3,0,1,0,1,1,1,0,143
0,2,3,0,1,3,3,6,3,0,1,0,1,1,0,0,93
0,1,3,0,0,2,4,6,1,0,1,0,1,1,1,0,130
0,3,1,0,0,1,3,6,4,0,1,0,1,1,1,0,163
0,2,3,0,1,2,2,6,3,0,0,0,1,1,0,0,100
0,2,3,0,1,2,2,6,5,0,1,0,1,1,1,0,65
0,2,3,2,0,3,3,12,3,0,1,0,1,1,0,1,215
0,2,2,0,0,1,3,6,2,0,1,0,1,1,1,1,92
0,2,1,0,2,1,2,6,2,0,1,0,1,1,0,1,56
0,2,3,0,1,2,3,6,2,0,1,0,1,1,0,1,124
0,4,1,0,0,2,4,6,3,0,1,0,1,1,1,1,150
0,1,3,0,1,1,4,2,3,1,1,0,1,1,1,1,0
0,5,3,2,4,2,2,17,2,0,1,1,1,1,1,0,88
0,2,2,0,0,1,2,2,2,0,0,0,1,1,0,0,100
0,2,2,0,0,2,2,1,2,0,1,0,1,1,0,1,70
0,2,2,0,1,2,2,2,2,0,1,0,1,1,1,1,127
0,2,4,0,1,2,4,6,2,1,1,0,1,1,1,0,75
0,2,2,0,0,2,3,6,3,0,1,0,1,1,1,1,80
0,3,2,0,1,2,5,6,3,0,1,0,1,1,1,1,170
0,3,1,1,0,1,2,6,2,0,1,0,1,1,1,0,207
0,3,1,0,0,1,6,6,4,1,0,0,1,1,1,1,281
0,2,1,0,0,2,3,6,2,0,1,0,1,1,1,0,156
0,2,3,0,1,2,2,8,3,0,1,0,1,1,1,0,105
0,3,1,0,0,1,2,1,2,0,1,0,1,1,0,1,35
0,3,1,0,0,2,3,6,2,0,0,0,1,1,0,0,102
1,3,2,0,0,1,2,6,3,1,1,0,1,1,1,1,800
0,3,2,0,0,5,4,2,3,1,0,0,0,0,1,1,117
0,3,2,0,0,2,2,3,2,0,1,0,1,1,0,0,130
0,2,2,0,1,2,3,5,3,0,0,0,1,1,1,1,153
0,3,1,0,1,3,3,8,4,1,0,0,1,1,0,0,100
0,5,1,0,0,2,2,2,2,1,1,0,1,1,1,1,120
1,1,2,0,0,2,3,6,3,0,1,0,1,1,0,1,80
0,1,2,0,1,1,2,1,5,0,1,0,1,1,1,1,1700
0,3,1,0,2,2,5,1,4,0,1,0,1,1,0,0,90
0,1,3,0,1,1,1,2,1,0,1,0,1,1,1,0,80
0,2,3,0,1,2,2,6,3,0,1,0,1,1,0,0,160
0,2,2,0,0,3,4,6,3,0,1,0,1,1,1,1,95
0,3,1,0,0,1,2,3,4,0,1,0,1,1,1,0,100
0,2,1,0,0,1,2,6,3,0,1,0,1,1,1,0,28
0,3,2,0,1,2,4,6,3,0,1,0,1,1,1,0,115
0,3,1,0,0,2,3,13,2,0,0,0,1,1,0,1,110
0,2,3,0,1,2,4,6,3,0,1,0,1,1,1,0,145
0,2,3,0,2,1,1,2,3,0,0,0,1,1,0,0,130
0,2,1,1,2,1,1,3,3,0,1,0,0,0,0,0,50
0,0,2,0,0,1,1,4,2,0,0,0,1,1,0,0,95
0,1,3,0,0,2,2,6,4,0,0,0,1,1,1,0,190
0,4,1,0,2,1,2,6,3,0,1,0,0,0,0,0,90
0,3,2,0,1,4,3,5,2,0,0,0,1,1,0,0,85
0,2,1,0,0,2,3,6,3,0,1,0,1,1,0,1,189
0,2,2,0,1,2,2,6,3,0,1,0,1,1,0,0,80
0,2,3,0,3,3,2,6,3,0,1,0,1,1,0,0,80
0,4,2,0,2,2,4,6,3,0,1,0,1,1,1,1,168
0,2,2,0,1,0,1,6,2,0,0,0,1,1,1,1,38
0,2,4,0,0,3,4,6,5,0,1,0,1,1,1,1,113
0,2,2,0,1,2,3,6,3,0,1,0,1,1,1,0,110
0,2,3,0,1,3,5,6,3,0,1,0,1,1,1,0,113
0,2,1,0,0,3,1,12,2,0,1,0,1,1,0,0,60
0,2,3,0,0,4,4,2,3,0,1,0,1,1,1,1,121
0,1,3,0,0,2,3,5,2,0,1,0,1,1,1,1,0
0,2,2,0,1,1,2,7,4,0,0,0,1,1,1,1,60
0,1,3,0,0,2,3,12,2,0,1,0,1,1,1,0,65
0,4,2,0,0,2,,6,5,0,0,0,1,1,0,1,176
0,4,2,0,0,2,,6,5,0,0,0,1,1,0,1,176
0,4,1,0,0,2,3,7,3,0,0,0,0,0,0,0,80
0,2,3,0,1,1,3,5,3,0,1,0,1,1,0,1,90
0,3,2,0,0,3,3,6,2,0,1,0,1,1,0,0,120
0,1,2,0,0,2,2,7,2,0,1,0,1,1,1,0,105
0,1,3,0,0,2,1,1,1,0,1,0,1,1,0,1,30
0,3,1,0,0,4,4,5,3,0,0,0,1,1,1,0,103
0,1,4,0,0,2,1,12,2,0,0,0,1,1,1,0,150
0,3,1,0,0,1,1,6,2,0,1,0,1,1,0,1,127
0,2,2,0,0,1,6,6,5,0,1,0,1,1,1,0,72
0,1,2,0,1,2,2,6,2,0,0,0,1,1,0,0,60
1,3,2,0,0,1,4,6,2,1,0,0,1,1,0,0,165
0,1,5,3,1,2,2,12,2,1,1,0,0,0,0,0,113
0,3,1,0,0,4,3,1,3,0,0,0,0,0,0,1,157
0,3,2,0,1,2,3,5,3,0,1,0,1,1,0,1,146
0,2,3,0,0,2,2,3,2,0,0,0,1,1,1,0,115
0,3,1,0,0,3,6,6,2,0,1,0,1,1,0,0,115
0,3,3,0,1,2,4,6,2,0,1,0,1,1,0,0,100
0,2,3,0,0,3,3,6,1,0,1,0,1,1,0,0,102
0,3,3,0,4,0,2,13,2,0,0,0,1,1,0,0,130
0,2,1,0,0,1,2,6,2,0,1,0,1,1,1,0,78
0,2,2,0,0,1,2,6,2,0,1,0,0,0,0,0,231
0,3,2,0,2,2,2,2,3,0,1,0,1,1,0,0,98
0,3,1,0,1,1,2,2,4,0,1,0,1,1,0,0,155
0,3,2,0,0,2,3,7,1,0,0,0,1,1,1,0,81
0,3,1,0,0,2,2,18,3,0,0,0,1,1,0,0,75
0,3,1,0,0,4,3,6,5,0,1,0,1,1,0,0,112
0,2,4,4,1,2,3,1,5,0,1,0,1,1,1,1,60
0,2,2,0,1,2,4,2,3,0,1,0,0,0,0,0,7
0,3,1,0,0,2,3,6,3,0,1,0,1,1,0,0,90
0,3,3,0,1,2,6,6,5,0,0,0,1,1,0,0,250
0,2,3,0,1,5,3,12,2,1,1,0,1,1,0,0,55
0,1,3,0,2,3,4,1,2,1,1,0,1,1,1,1,135
0,2,2,2,0,1,4,6,5,0,0,0,0,0,0,0,90
0,1,3,0,1,2,4,1,3,0,1,0,1,1,1,0,192
0,3,1,0,0,3,4,6,4,1,1,0,1,1,1,0,150
0,3,2,4,4,4,6,16,5,1,1,1,1,1,1,1,699
0,3,1,0,0,3,2,6,3,0,1,0,1,1,1,0,87
0,3,5,2,2,4,,6,2,0,1,0,0,0,0,0,130
0,2,3,2,1,2,3,1,2,0,1,0,1,1,1,1,80
0,2,2,0,0,2,3,6,3,0,1,0,0,0,1,0,31
0,5,3,0,2,3,4,1,3,0,1,0,1,1,1,0,200
0,5,5,3,5,5,2,6,2,0,1,0,0,0,1,0,458
0,1,3,0,0,2,5,6,4,0,1,0,1,1,1,1,174
0,2,2,0,0,2,3,6,3,0,1,0,0,0,1,0,31
0,2,2,0,0,2,,6,2,0,1,0,1,1,1,1,103
0,4,1,3,2,2,2,12,2,1,0,0,0,0,0,0,180
0,1,3,0,0,1,3,3,2,0,1,0,1,1,1,0,98
0,2,2,0,1,4,4,2,3,0,0,0,1,1,1,1,124
0,2,2,0,0,2,5,6,5,1,0,0,1,1,0,1,96
0,3,1,2,0,1,2,1,2,0,1,0,1,1,0,0,57
0,3,2,0,0,3,3,1,2,0,1,0,1,1,0,0,130
0,1,4,0,1,2,2,5,2,0,0,0,1,1,1,1,120
0,1,3,0,1,2,2,1,1,0,1,0,1,1,0,0,160
0,1,3,2,0,2,,1,1,0,0,0,0,0,1,0,90
0,4,1,0,0,3,4,9,3,0,1,0,0,0,1,1,96
0,1,2,0,2,0,1,6,4,0,1,0,1,1,0,0,70
0,2,1,1,2,1,2,1,2,0,1,0,1,1,0,0,120
0,3,1,0,2,3,3,6,3,0,1,0,1,1,1,0,114
0,2,2,0,0,2,6,6,4,0,1,0,1,1,1,1,150
0,2,3,0,0,1,2,8,2,0,1,0,1,1,1,1,35
0,2,3,0,1,1,5,3,4,1,1,0,1,1,1,1,142
1,2,3,1,0,3,6,1,1,0,0,0,0,0,0,1,0
0,3,2,0,1,2,1,6,1,0,1,0,1,1,0,1,200
0,2,4,0,0,2,3,6,2,0,1,0,1,1,0,0,190
0,2,2,0,0,4,3,6,4,0,1,0,1,1,1,0,75
1,2,4,0,1,4,5,17,3,0,0,0,1,1,1,1,107
0,1,4,0,2,0,2,10,4,0,1,1,1,1,0,0,19
0,2,3,0,1,2,,6,4,0,1,0,1,1,1,1,91
1,4,2,0,0,2,4,6,2,0,1,0,1,1,1,1,100
0,2,3,0,1,2,2,1,3,0,1,0,1,1,1,0,140
0,2,3,0,1,1,2,8,5,0,1,0,1,1,1,0,140
0,1,3,0,0,2,5,6,4,0,1,0,1,1,1,1,174
0,1,3,0,0,2,5,6,4,0,1,0,1,1,1,0,180
0,2,1,0,0,2,1,6,1,0,0,0,1,1,0,0,90
0,1,2,0,1,1,1,6,2,0,1,0,1,1,0,0,53
0,3,2,0,0,2,,6,4,0,1,1,1,1,0,0,310
0,4,1,0,1,2,3,9,4,1,1,0,1,1,1,0,20
0,2,1,0,0,1,4,6,3,0,1,0,1,1,1,1,120
0,1,3,2,2,1,3,5,2,0,1,0,1,1,1,1,170
0,2,1,0,1,1,2,2,1,0,1,0,0,0,0,1,120
0,2,2,0,1,1,3,3,3,0,1,1,1,1,1,1,95
0,3,3,2,4,2,2,2,2,1,0,0,1,1,0,0,95
0,2,3,0,0,2,3,6,4,0,1,1,1,1,1,1,130
0,4,2,3,1,5,2,6,2,0,1,0,1,1,1,1,112
0,1,4,0,0,2,2,1,2,0,1,0,1,1,0,0,100
0,2,1,0,0,1,2,3,2,0,1,0,1,1,1,0,1800
0,2,3,0,0,4,6,13,3,0,0,0,1,1,1,0,20
1,2,2,0,0,1,2,13,2,1,1,0,1,1,1,1,215
0,2,2,0,0,1,2,1,3,0,1,0,1,1,0,0,187
0,2,2,0,2,2,2,4,2,1,1,0,1,1,1,1,105
0,2,2,0,0,3,3,3,2,0,1,0,1,1,1,1,110
0,2,2,2,0,1,2,4,1,0,1,0,1,1,1,1,90
0,2,2,0,0,3,4,3,3,0,1,0,1,1,1,1,125
0,1,2,0,1,1,2,12,3,0,0,0,1,1,1,1,100
0,3,2,3,2,0,4,17,3,1,0,0,1,1,1,1,80
0,0,3,0,1,1,2,12,3,0,1,0,0,0,0,0,97
0,1,3,0,0,3,4,9,2,1,1,0,1,1,0,0,148
0,3,2,0,0,3,2,5,1,0,1,0,1,1,1,1,98
0,1,3,0,0,1,3,13,3,0,0,0,0,0,0,0,65
0,1,2,0,0,2,3,6,3,0,1,0,1,1,1,1,187
0,1,4,1,2,2,3,8,3,1,0,0,1,1,0,1,200
0,2,2,0,1,1,,10,5,0,1,0,1,1,0,0,20
0,2,2,0,1,2,2,12,4,0,1,0,1,1,1,1,50
0,2,2,0,0,2,3,1,3,0,1,0,1,1,0,1,1134
1,2,3,0,0,4,4,13,2,0,0,0,1,1,0,0,20
0,4,3,3,1,5,1,6,2,0,1,0,0,0,0,0,45
0,3,2,1,1,2,2,2,2,0,1,0,1,1,0,1,98
0,4,2,0,2,4,3,6,3,0,1,0,1,1,0,0,120
0,1,4,0,0,1,2,3,3,0,1,0,1,1,0,0,59
0,3,1,0,1,2,2,17,3,0,0,0,1,1,1,1,200
0,3,1,0,1,2,4,6,4,0,1,0,1,1,0,0,95
0,2,2,0,1,1,3,7,3,0,1,0,1,1,0,1,157
0,2,3,0,1,1,1,1,2,0,1,0,1,1,0,0,3
1,2,2,0,0,2,4,7,3,0,0,0,0,0,0,1,125
0,1,2,0,1,2,2,1,2,0,1,0,1,1,1,1,125
0,1,3,0,0,2,4,1,1,0,1,0,1,1,1,1,390
0,2,2,0,1,2,4,7,2,0,1,0,1,1,1,1,128
0,2,2,0,0,2,3,1,3,0,1,0,1,1,0,1,125
0,2,1,0,2,2,1,3,1,0,1,0,0,0,0,0,67
0,2,2,0,0,2,4,1,3,0,1,0,1,1,1,1,160
0,2,1,3,0,1,2,3,2,0,0,0,1,1,1,0,134
0,3,1,0,0,2,3,2,2,0,1,0,0,0,1,0,80
0,2,3,0,0,2,2,6,3,0,1,1,1,1,1,1,111
0,3,1,2,2,1,1,10,2,0,1,0,1,1,1,0,45
0,1,5,0,1,2,,6,4,0,0,0,1,1,1,1,6
1,2,1,0,0,0,2,2,3,1,1,0,1,1,0,0,165
0,2,2,0,0,2,3,6,2,0,0,1,1,1,1,0,85
0,3,3,0,0,3,,2,5,0,1,0,1,1,0,0,130
0,2,2,0,2,1,2,1,3,0,1,0,1,1,1,0,100
0,4,1,0,0,3,3,6,2,0,1,0,1,1,1,1,96
0,3,1,0,0,1,2,18,1,0,0,0,1,1,0,0,73
0,2,2,2,2,1,3,1,1,0,1,1,1,1,1,1,85
0,3,1,0,1,1,2,6,3,0,0,0,1,1,0,0,73
0,2,3,0,0,2,2,13,3,0,1,0,1,1,1,0,33
0,3,1,0,0,3,4,1,4,1,1,1,1,1,1,1,140
0,3,2,0,1,2,3,9,2,0,1,0,1,1,1,1,96
0,2,2,0,0,3,3,1,1,0,0,0,1,1,0,0,90
0,2,2,0,0,2,5,6,3,0,1,0,1,1,1,1,112
0,2,3,1,1,1,2,6,5,0,1,0,1,1,0,0,85
0,3,2,2,3,1,2,6,3,0,0,0,1,1,1,0,65
0,1,2,0,0,2,2,6,3,0,1,0,1,1,1,0,120
0,3,3,0,0,4,4,12,2,0,1,0,1,1,1,0,110
0,3,1,0,0,2,,6,5,1,1,0,1,1,1,1,300
0,1,2,2,0,3,1,1,2,0,1,0,1,1,0,0,100
0,2,3,1,0,2,4,3,3,1,1,1,1,1,1,1,135
0,3,1,0,0,2,,6,5,1,1,0,1,1,1,1,300
0,2,1,0,1,1,3,3,3,0,1,1,1,1,1,0,80
0,2,2,0,0,2,1,5,3,0,0,0,1,1,1,1,35
1,3,2,0,4,2,3,2,4,1,1,0,1,1,1,1,130
0,3,2,0,2,0,2,4,3,0,1,0,0,0,0,0,90
0,2,2,0,0,2,3,6,3,0,1,0,1,1,0,0,90
1,5,1,1,1,4,6,12,5,0,1,1,1,1,1,1,145
0,5,4,3,2,5,6,14,5,1,1,1,1,1,1,1,210
0,3,2,1,0,3,6,5,4,1,1,0,1,1,1,1,165
1,2,1,0,0,3,6,7,3,0,1,0,1,1,1,0,145
0,5,1,3,1,2,3,6,4,0,1,0,1,1,0,0,78
1,4,1,0,0,4,6,18,4,0,1,0,1,1,1,0,135
0,3,1,0,1,2,3,6,2,0,0,0,1,1,0,0,94
0,2,2,0,0,2,2,6,2,0,0,0,0,0,0,1,20
0,2,1,3,0,1,2,3,2,0,0,0,1,1,1,0,134
0,4,2,1,0,3,6,7,3,0,1,0,1,1,1,0,145
0,2,1,0,1,1,2,1,2,0,1,1,1,1,1,1,100
0,2,2,0,0,2,3,12,3,0,1,0,1,1,1,0,88
0,3,1,0,0,4,4,5,3,0,0,0,1,1,1,0,103
0,1,3,0,3,1,1,10,2,0,0,0,1,1,1,0,114
0,2,2,0,0,2,3,3,3,0,0,0,1,1,0,1,180
0,3,2,0,1,2,2,6,4,0,1,0,1,1,1,1,105
0,3,2,0,2,2,3,5,4,0,0,0,1,1,0,0,70
0,3,2,3,2,0,4,17,3,1,0,0,1,1,1,1,80
0,3,1,0,0,4,3,6,3,0,1,0,1,1,0,0,110
0,1,2,0,0,1,2,6,1,0,0,0,1,1,1,0,95
0,3,1,0,0,1,3,7,3,0,1,0,1,1,0,0,60
0,2,1,0,1,1,3,5,3,0,1,0,1,1,1,1,98
0,3,1,0,0,2,2,12,2,0,0,0,1,1,0,0,55
0,2,3,0,2,2,2,1,3,0,1,0,0,0,0,0,90
0,2,3,0,1,4,6,1,5,0,1,0,1,1,1,1,95
0,3,1,0,0,1,1,6,2,0,0,0,1,1,0,0,60
0,1,4,0,1,2,2,6,4,0,1,0,1,1,1,1,97
0,2,2,0,0,2,3,2,4,1,0,0,1,1,1,1,200
0,2,1,0,0,2,3,6,1,0,1,0,0,0,0,0,63
0,3,3,0,1,2,5,6,2,0,1,0,1,1,1,1,210
0,4,1,0,0,1,2,1,2,0,1,0,1,1,1,1,100
1,2,3,0,0,3,3,1,2,0,1,1,1,1,1,1,347
1,2,3,0,0,2,3,6,5,0,0,0,1,1,0,1,100
0,3,3,0,3,3,5,1,3,1,1,0,1,1,1,1,365
0,2,3,0,1,1,2,10,3,0,1,0,1,1,1,0,2800
0,2,3,0,1,2,2,6,1,0,0,0,1,1,1,1,95
0,1,2,0,1,1,3,6,2,0,1,0,1,1,1,0,70
0,2,2,0,0,4,2,6,2,0,1,0,1,1,1,1,3000
0,5,3,1,0,5,3,1,4,0,1,0,0,0,1,1,154
0,2,2,0,1,1,,10,5,0,1,0,1,1,0,0,20
0,2,2,0,0,3,4,6,3,0,1,0,1,1,1,1,95
0,2,3,1,0,3,3,6,3,0,1,0,1,1,1,0,166
0,2,3,0,1,1,1,6,2,0,1,0,0,0,0,0,88
